Connection,V2_1,V2_2,V2_3,V3_1,V3_2,V3_3,V4_1,V4_2,V4_3,I12_a,I12_b,I12_c,I34_a,I34_b,I34_c
ynyn_v,7164,7110,7082,2305,2255,2203,2175,1930,1833,230.1,345.7,455.1,689.7,1036,1364
ynyn_a,-0.1,-120.2,119.3,-2.3,-123.6,114.8,-4.1,-126.8,102.8,-35.9,-152.6,84.7,-35.9,-152.6,84.7
ynd_v,7113,7144,7111,3896,3972,3875,3425,3646,3298,308.5,314.6,389,10083.8,849.9,1098.7
ynd_a,-0.2,-120.4,119.5,-2.8,-123.8,115.7,-5.8,-130.3,108.6,-41.5,-145.5,85.9,-71,177,63.1
yd_v,7112,7144,7112,3896,3972,3874,3425,3646,3298,309.8,315.5,387.2,1083.8,849.9,1098.7
yd_a,-0.2,-120.4,119.5,-2.8,-123.8,115.7,-5.8,-130.3,108.6,-41.7,-145.2,85.9,-71,177,63.1
dyn_v,12350,12314,12333,2290,2261,2214,2157,1936,1849,285.7,402.7,349.1,695.5,1033,1352
dyn_a,29.6,-90.4,149.8,-32.4,-153.8,85.2,-34.2,-157,73.4,-27.6,-149.6,74.4,-66,177.1,55.2
dd_v,12341,12370,12302,3902,3972,3871,3431,3647,3294,361.7,283.5,366.5,1084,849.7,1099
dd_a,29.8,-90.5,149.5,27.2,-93.9,145.7,24.3,-100.4,138.6,-41,-153,93.2,-41,-153,93.2
